<?xml version="1.0" encoding="UTF-8"?>
<project-private xmlns="http://www.netbeans.org/ns/project-private/1">
    <editor-bookmarks xmlns="http://www.netbeans.org/ns/editor-bookmarks/2" lastBookmarkId="0"/>
    <open-files xmlns="http://www.netbeans.org/ns/projectui-open-files/2">
        <group>
            <file>file:/D:/DC2296N506/Project/CrimeFile/src/frame/Home_Admin.java</file>
            <file>file:/D:/DC2296N506/Project/CrimeFile/src/frame/background_processing/WindowAction.java</file>
            <file>file:/D:/DC2296N506/Project/CrimeFile/src/frame/Login_Admin.java</file>
        </group>
    </open-files>
</project-private>
